pageTitle,pageSummary
Home,Home
Store search results,Store search results
Waze Dress Socks,product detail page
YouTube | Shop by Brand | Google Merchandise Store,Home
Clip-on Compact Charger,product detail page
Waterproof Backpack,product detail page
Electronics | Google Merchandise Store,product detail page
Google Spiral Journal with Pen,product detail page
Accessories | Electronics | Google Merchandise Store,product detail page
Google Online Store,Home
Google Men's Bike Short Sleeve Tee Charcoal,product detail page
Men's Outerwear | Apparel | Google Merchandise Store,product detail page
Bags | Google Merchandise Store,product detail page
Men's Apparel | Google Merchandise Store,product detail page
Google Vintage Henley Grey/Black,product detail page
Shopping Cart,Shopping Cart
The Google Merchandise Store - Log In,The Google Merchandise Store - Log In
Men's T-Shirts | Apparel | Google Merchandise Store,product detail page
Notebooks & Journals | Office | Google Merchandise Store,product detail page
Drinkware | Google Merchandise Store,product detail page
Apparel | Google Merchandise Store,product detail page
Accessories | Google Merchandise Store,product detail page
Shop by Brand | Google Merchandise Store,product detail page
Clearance Sale,Clearance Sale
Android Lifted Men's Short Sleeve Tee Blue,product detail page
Kids' Apparel | Google Merchandise Store,product detail page
Toddler | Kids' Apparel | Google Merchandise Store,product detail page
Men's Performance Wear | Apparel | Google Merchandise Store,product detail page
Google Men's Performance Full Zip Jacket Black,product detail page
Google Men's Airflow 1/4 Zip Pullover Black,product detail page
Headgear | Apparel | Google Merchandise Store,product detail page
Backpacks | Bags | Google Merchandise Store,product detail page
25L Classic Rucksack,product detail page
Pet | Accessories | Google Merchandise Store,product detail page
Housewares | Accessories | Google Merchandise Store,product detail page
YouTube Women's Short Sleeve Hero Tee Charcoal,product detail page
Google Women's Lightweight Microfleece Jacket,product detail page
Google Men's Lightweight Microfleece Jacket Black,product detail page
Office | Google Merchandise Store,product detail page
Recycled Paper Journal Set,product detail page
The Google Merchandise Store/Leatherette Journal,product detail page
The Google Merchandise Store/Red Spiral Google Notebook,product detail page
Google Leather Journal,product detail page
Fun | Accessories | Google Merchandise Store,product detail page
Other | Office | Google Merchandise Store,product detail page
Stickers | Accessories | Google Merchandise Store,product detail page
Google Doodle Decal,product detail page
Google Laptop and Cell Phone Stickers,product detail page
Writing Instruments | Office | Google Merchandise Store,product detail page
Color Changing Grip Pen,product detail page
Ballpoint Pen Blue,product detail page
Ballpoint Stick Pen 4 Pack,product detail page
Mugs & Cups | Drinkware | Google Merchandise Store,product detail page
Water Bottles & Tumblers | Drinkware | Google Merchandise Store,product detail page
More Bags | Bags | Google Merchandise Store,product detail page
Google Collapsible Duffel,product detail page
Gift Cards | Google Merchandise Store,product detail page
Google Executive Umbrella,product detail page
Satin Black Ballpoint Pen,product detail page
Flashlights | Electronics | Google Merchandise Store,product detail page
Google Flashlight,product detail page
The Google Merchandise Store/Red Shine 15 oz Mug,product detail page
Google Hard Cover Journal,product detail page
The Google Merchandise Store/Recycled Mouse Pad,product detail page
Sports & Fitness | Accessories | Google Merchandise Store,product detail page
Yoga Mat,product detail page
Women's Performance Wear | Apparel | Google Merchandise Store,product detail page
Women's T-Shirts | Apparel | Google Merchandise Store,product detail page
Google Women's Short Sleeve Hero Tee Dark Grey,product detail page
Audio | Electronics | Google Merchandise Store,product detail page
Your Wishlist,Your Wishlist
Infant | Kids' Apparel | Google Merchandise Store,product detail page
Shopping & Totes | Bags | Google Merchandise Store,product detail page
Google | Shop by Brand | Google Merchandise Store,product detail page
Android | Shop by Brand | Google Merchandise Store,product detail page
Google Bib Red,product detail page
Power & Chargers | Electronics | Google Merchandise Store,product detail page
Android 17oz Stainless Steel Sport Bottle,product detail page
Android RFID Journal,product detail page
The Google Merchandise Store/Google G Noise-reducing Bluetooth Headphones,product detail page
The Google Merchandise Store/Windup Android,product detail page
The Google Merchandise Store/Compact Selfie Stick,product detail page
Google Device Holder Sticky Pad,product detail page
Google Slim Utility Travel Bag,product detail page
Checkout Your Information,Checkout Your Information
Payment Method,Payment Method
Checkout Review,Checkout Review
Frequently Asked Questions,Frequently Asked Questions
YouTube Custom Decals,product detail page
Checkout Confirmation,Checkout Confirmation
Page Unavailable,Page Unavailable
26 oz Double Wall Insulated Bottle,product detail page
Google 17 oz Double Wall Stainless Steel Insulated Bottle,product detail page
20 oz Stainless Steel Insulated Tumbler,product detail page
Google Electronics Accessory Pouch,product detail page
Google Women's Short Sleeve Hero Tee Black,product detail page
YouTube Men's Vintage Tank,product detail page
The Google Merchandise Store/Malibu Sunglasses,product detail page
Google Laptop Backpack,product detail page
Android Men's Zip Hoodie,product detail page
Google Women's Yoga Jacket Black,product detail page
YouTube Men's Short Sleeve Hero Tee Charcoal,product detail page
Waze Pack of 9 Decal Set,product detail page
Youth | Kids' Apparel | Google Merchandise Store,product detail page
Google Men's Watershed Full Zip Hoodie Grey,product detail page
Women's Outerwear | Apparel | Google Merchandise Store,product detail page
YouTube Women's Fleece Hoodie Black,product detail page
Google Women's Quilted Insulated Vest White,product detail page
BLM Sweatshirt,product detail page
Spiral Notebook and Pen Set,product detail page
Google RFID Journal,product detail page
23 oz Wide Mouth Sport Bottle,product detail page
Google Toddler Short Sleeve Tee Red,product detail page
Google Tube Power Bank,product detail page
Women's Apparel | Google Merchandise Store,product detail page
Google Kick Ball,product detail page
The Google Merchandise Store - My Account,The Google Merchandise Store - My Account
Google Men's 100% Cotton Short Sleeve Hero Tee White,product detail page
YouTube Hard Cover Journal,product detail page
The Google Merchandise Store/Pen Pencil & Highlighter Set,product detail page
Spring Sale,Spring Sale
Return Policy,Return Policy
YouTube Men's Vintage Henley,product detail page
Google Men's 100% Cotton Short Sleeve Hero Tee Navy,product detail page
Google Men's Short Sleeve Hero Tee Heather,product detail page
Google Women's Fleece Hoodie,product detail page
Google 25 oz Blue Stainless Steel Bottle,product detail page
Android 24 oz Contigo Bottle,product detail page
,
Badge Holder,product detail page
Google Bongo Cupholder Bluetooth Speaker,product detail page
Google Water Resistant Bluetooth Speaker,product detail page
Leather and Metal Ballpoint Pen,product detail page
Mugs,product detail page
Waze Baby on Board Window Decal,product detail page
Hombres Camisetas | Ropa | Google Merchandise Store,product detail page
Bolsos | Google Merchandise Store,product detail page
YouTube | Acquista per marca | Merchandise Store di Google,Home
Google Men's Short Sleeve Hero Tee Charcoal,product detail page
Google Women's Yoga Pants,product detail page
Rocket Flashlight,product detail page
YouTube Men's Fleece Hoodie Black,product detail page
Shipping Information,Shipping Information
Google Men's Bayside Graphic Tee,product detail page
Google Laptop Tech Backpack,product detail page
Keyboard DOT Sticker,product detail page
YouTube Leatherette Notebook Combo,product detail page
Nest Cam Outdoor Security Camera - USA,product detail page
Google Men's Vintage Badge Tee Sage,product detail page
Google Men's Short Sleeve Performance Badge Tee Navy,product detail page
The Google Merchandise Store/24 oz YouTube Sergeant Stripe Bottle,product detail page
Google Alpine Style Backpack,product detail page
Google Men's Vintage Badge Tee Black,product detail page
Google Women's Long Sleeve Tee Lavender,product detail page
Android Women's Long Sleeve Blended Cardigan Grey,product detail page
The Google Merchandise Store/BRIGHTtravels Seat Pack Organizer,product detail page
Aluminum Handy Emergency Flashlight,product detail page
Tazas y tazas | Recipientes | Google tienda de artículos,product detail page
Micro Wireless Earbud,product detail page
Android Lunch Kit,product detail page
The Google Merchandise Store - Register,The Google Merchandise Store - Register
Google Metallic Notebook Set,product detail page
Google Twill Cap,product detail page
Google Spiral Leather Journal,product detail page
Google 4400mAh Power Bank,product detail page
Google Power Bank,product detail page
Google Men's Long Sleeve Raglan Ocean Blue,product detail page
Gunmetal Roller Ball Pen,product detail page
Google Ballpoint Pen Black,product detail page
Google Men's Softshell Jacket Black/Grey,product detail page
Google Women's V-Neck Tee Charcoal,product detail page
The Google Merchandise Store/Maze Pen,product detail page
YouTube Men's Short Sleeve Hero Tee White,product detail page
Android Rise 14 oz Mug,product detail page
Google Men's Pullover Hoodie Grey,product detail page
Google Rucksack,product detail page
The Google Merchandise Store/Svanasana Yoga Block,product detail page
The Google Merchandise Store/22 oz YouTube Bottle Infuser,product detail page
Android Twill Cap,product detail page
YouTube Twill Cap,product detail page
Google Women's Recycled Fabric Tee,product detail page
Collapsible Shopping Bag,product detail page
The Google Merchandise Store/Waterpoof Gear Bag,product detail page
YouTube Women's Short Sleeve Tri-blend Badge Tee Charcoal,product detail page
Google 2200mAh Micro Charger,product detail page
"Google High Capacity 10,400mAh Charger",product detail page
Insulated Bottle,product detail page
Google Men's 100% Cotton Short Sleeve Hero Tee Black,product detail page
Google Men's Zip Hoodie,product detail page
Google Men's Performance 1/4 Zip Pullover Heather/Black,product detail page
Google Women's Convertible Vest-Jacket Black,product detail page
Google Youth Short Sleeve T-shirt Yellow,product detail page
Google Onesie Green,product detail page
Google Baby Essentials Set,product detail page
Android Stretch Fit Hat,product detail page
Google Youth Short Sleeve Tee Red,product detail page
8 pc Android Sticker Sheet,product detail page
Android Men's Pep Rally Short Sleeve Tee Navy,product detail page
Google Women's Scoop Neck Tee Black,product detail page
The Google Merchandise Store/1 oz Hand Sanitizer,product detail page
Google Canvas Tote Natural/Navy,product detail page
Google 22 oz Water Bottle,product detail page
Android Men's Take Charge Short Sleeve Tee Purple,product detail page
Nest® Learning Thermostat 3rd Gen-USA - Stainless Steel,product detail page
Android Men's Engineer Short Sleeve Tee Charcoal,product detail page
Google Toddler Raglan Shirt Blue Heather/Navy,product detail page
Google Women's Performance Full Zip Jacket Black,product detail page
Google Zipper-front Sports Bag,product detail page
Google Car Clip Phone Holder,product detail page
Google Stretch Fit Hat L/XL Navy,product detail page
Google Men's Short Sleeve Performance Badge Tee Black,product detail page
Google Men's Around The Block Short Sleeve Tee Ash,product detail page
Google Women's Vintage Hero Tee Black,product detail page
Google Youth Girl Hoodie,product detail page
Google Infant Zip Hood Pink,product detail page
Android Women's Short Sleeve Badge Tee Dark Heather,product detail page
Google Women's Performance Golf Polo Blue,product detail page
Google Men's 100% Cotton Short Sleeve Hero Tee Red,product detail page
Google Men's Performance Hero Tee Gunmetal,product detail page
Google Men's Short Sleeve Hero Tee Light Blue,product detail page
The Google Merchandise Store/Plastic Sliding Flashlight,product detail page
Suitcase Organizer Cubes,product detail page
يوتيوب | التسوق بالعلامة التجارية | مخزن بضائع جوجل,Home
الرجال تي شيرت | ملابس | مخزن بضائع جوجل,product detail page
Waze Men's Typography Short Sleeve Tee,product detail page
Google Lunch Bag,product detail page
YouTube Men's Short Sleeve Hero Tee Black,product detail page
Аксессуары | Электроника | Магазин Google Merchandise,product detail page
Питание и зарядные устройства | Электроника | Магазин Google Merchandise,product detail page
Rubber Grip Ballpoint Pen 4 Pack,product detail page
Google 25 oz Red Stainless Steel Bottle,product detail page
Google 17oz Stainless Steel Sport Bottle,product detail page
Google Men's Convertible Vest-Jacket Pewter,product detail page
Google Men's Vintage Badge Tee White,product detail page
Women's YouTube Short Sleeve Hero Tee Black,product detail page
Google Stretch Fit Hat,product detail page
Google Luggage Tag,product detail page
Google Women's 1/4 Zip Performance Pullover Two-Tone Blue,product detail page
Google Men's Quilted Insulated Vest Black,product detail page
Google Men's Weatherblock Shell Jacket Black,product detail page
Google Men's Quilted Insulated Vest Battleship Grey,product detail page
Google Snapback Hat Black,product detail page
Four Color Retractable Pen,product detail page
The Google Merchandise Store/Galaxy Screen Cleaning Cloth,product detail page
UpCycled Handlebar Bag,product detail page
The Google Merchandise Store/22 oz Android Bottle,product detail page
Google Women's Short Sleeve Hero Tee Grey,product detail page
Google Toddler Short Sleeve T-shirt Grey,product detail page
Google Women's Vintage Hero Tee Platinum,product detail page
Rainbow Stylus Pen,product detail page
Ballpoint Stylus Pen,product detail page
Metal Texture Roller Pen,product detail page
Android Wool Heather Cap Heather/Black,product detail page
Google Women's 1/4 Zip Performance Pullover Black,product detail page
Google Women's Short Sleeve Performance Tee Charcoal,product detail page
Google Men's Short Sleeve Performance Badge Tee Pewter,product detail page
Google Bib White,product detail page
Google Youth Short Sleeve T-shirt Green,product detail page
Google Toddler Short Sleeve T-shirt Royal Blue,product detail page
Android Men's Short Sleeve Hero Tee Heather,product detail page
YouTube RFID Journal,product detail page
Google Tote Bag,product detail page
Gel Roller Pen,product detail page
Google Collapsible Pet Bowl,product detail page
Google Stylus Pen w/ LED Light,product detail page
YouTube Spiral Journal with Pen,product detail page
Google Women's Short Sleeve Hero Tee Sky Blue,product detail page
Google Men's Microfiber 1/4 Zip Pullover Blue/Indigo,product detail page
Google Men's Vintage Tank,product detail page
Google Women's Tee Grey,product detail page
Google Women's Short Sleeve Badge Tee Grey,product detail page
Google Men's Performance Polo Grey/Black,product detail page
Android Men's Short Sleeve Hero Tee White,product detail page
Android Sticker Sheet Ultra Removable,product detail page
Android Luggage Tag,product detail page
Android Women's Fleece Hoodie,product detail page
Google Tri-blend Hoodie Grey,product detail page
Google Youth Short Sleeve T-shirt Royal Blue,product detail page
Android Toddler Short Sleeve T-shirt Aqua,product detail page
Google Men's Short Sleeve Badge Tee Charcoal,product detail page
Bluetooth Headphones,product detail page
Android Spiral Journal with Pen,product detail page
Google Youth Short Sleeve Tee White,product detail page
Google Men's Skater Tee Charcoal,product detail page
Google Women's 1/4 Zip Jacket Charcoal,product detail page
Waze Women's Typography Short Sleeve Tee,product detail page
Terms of Use,Terms of Use
SPF-15 Slim & Slender Lip Balm,product detail page
Google Trucker Hat,product detail page
Google Men's Short Sleeve Performance Badge Tee Charcoal,product detail page
Google Women's Quilted Insulated Vest Black,product detail page
Nest® Learning Thermostat 3rd Gen-USA - Copper,product detail page
YouTube Wool Heather Cap Heather/Black,product detail page
Google Pocket Bluetooth Speaker,product detail page
Switch Tone Color Crayon Pen,product detail page
Android Men's Long & Lean Badge Tee Charcoal,product detail page
Google Men's Long & Lean Tee Charcoal,product detail page
Google Women's Short Sleeve Badge Tee Navy,product detail page
The Google Merchandise Store/Bottle Opener Clip,product detail page
Google Women's Performance Hero Tee Gunmetal,product detail page
Google Women's Scoop Neck Tee White,product detail page
Android Men's Short Sleeve Tri-blend Hero Tee Grey,product detail page
Compact Bluetooth Speaker,product detail page
The Google Merchandise Store/Ballpoint LED Light Pen,product detail page
Google Men's Colorblock Tee White/Heather,product detail page
Men's T-Shirts,product detail page
Android Toddler Short Sleeve T-shirt Pewter,product detail page
Google Toddler Sports T-shirt Red,product detail page
10 Home,10 Home
10 Drinkware | Google Merchandise Store,product detail page
10 Mugs & Cups | Drinkware | Google Merchandise Store,product detail page
10 Water Bottles & Tumblers | Drinkware | Google Merchandise Store,product detail page
15 Home,15 Home
15 Mugs & Cups | Drinkware | Google Merchandise Store,product detail page
15 Water Bottles & Tumblers | Drinkware | Google Merchandise Store,product detail page
23 Home,23 Home
23 Mugs & Cups | Drinkware | Google Merchandise Store,product detail page
Android Men's Skater Badge Tee Charcoal,product detail page
YouTube Youth Short Sleeve Tee Red,product detail page
Google Onesie Red,product detail page
Google Women's Short Sleeve Hero Tee White,product detail page
Google Men's Skater Tee Grey,product detail page
The Google Merchandise Store/Ballpoint & Matching Tube Case,product detail page
Google Women's Vintage Hero Tee White,product detail page
Google Women's 3/4 Sleeve Baseball Raglan Heather/Black,product detail page
Foam Can and Bottle Cooler,product detail page
The Google Merchandise Store/Gift Card - $250.00,product detail page
Android Men's Long Sleeve Badge Crew Tee Heather,product detail page
The Google Merchandise Store/Fashion Sunglasses & Pouch,product detail page
Android BTTF Cosmos Shirt,product detail page
Android BTTF Moonshot Shirt,product detail page
Android Men's Paradise Short Sleeve Tee Olive,product detail page
Lifestyle,Lifestyle
Waze Mood Original Window Decal,product detail page
Waze | Google Merchandise Store,product detail page
Android Journal Book Set,product detail page
Google Pet Feeding Mat,product detail page
Google Women's Colorblock Tee White,product detail page
Google Women's Short Sleeve Hero Tee Red Heather,product detail page
Google Men's Airflow 1/4 Zip Pullover Lapis,product detail page
Google Bluetooth Speaker-Power Bank,product detail page
Digital Lightshow Smart Speaker and Notification Center,product detail page
The Google Merchandise Store/Gift Card - $50.00,product detail page
Grip Highlighter Pen 3 Pack,product detail page
Google Women's Short Sleeve Hero Tee Heather,product detail page
Crunch Noise Dog Toy,product detail page
The Google Merchandise Store/Basecamp Explorer Powerbank Flashlight,product detail page
YouTube Notebook and Pen Set,product detail page
Google Infant Zip Hood Royal Blue,product detail page
Google Onesie Red/Graphite,product detail page
Google Toddler 1/4 Zip Fleece Pewter,product detail page
"The Google Merchandise Store/7"" Dog Safe Flyer",product detail page
YouTube Men's 3/4 Sleeve Henley,product detail page
Google Toddler Short Sleeve Tee White,product detail page
Google Youth Sports Tee Navy,product detail page
Google Youth Baseball Raglan Heather/Black,product detail page
Android Youth Short Sleeve T-shirt Pewter,product detail page
Google Women's Long Sleeve Blended Cardigan Charcoal,product detail page
YouTube Luggage Tag,product detail page
Дома,Home
Google Women's Weatherblock Shell Jacket Black,product detail page
Android Women's Short Sleeve Hero Tee Black,product detail page
The Google Merchandise Store/Gift Card - $25.00,product detail page
Google Women's Shell Jacket Blue/Black,product detail page
Android Men's Vintage Tank,product detail page
YouTube Onesie Heather,product detail page
Waze Mood Happy Window Decal,product detail page
Android Hard Cover Journal,product detail page
Google Online Store - https://www.googlemerchandisestore.com/,Home
Google Infant Short Sleeve Tee Red,product detail page
Google Men's Long & Lean Tee Grey,product detail page
The Google Merchandise Store/Gift Card - $100.00,product detail page
YouTube Men's Skater Tee Charcoal,product detail page
T-shirts pour hommes | Habillement | Google Merchandise Store,product detail page
Google Women's Convertible Vest-Jacket Sea Foam Green,product detail page
Executive Twist Ballpoint Pen,product detail page
YouTube | Comprar por Marca | Google Merchandise Store,Home
Procurar resultados de pesquisa,Store search results
Android Men's Vintage Henley,product detail page
Google Women's Vintage Hero Tee Lavender,product detail page
Android Youth Short Sleeve T-shirt Aqua,product detail page
Android Onesie Gold,product detail page
Google Toddler Hoodie Royal Blue,product detail page
YouTube | Comprar por marca | Google tienda de artículos,Home
The Google Merchandise Store/Colored Pencil Set,product detail page
Android 25 oz Green Apple Stainless Steel Bottle,product detail page
Google Infant Short Sleeve Tee Green,product detail page
Nest Protect Smoke + CO White Battery Alarm-USA,product detail page
男士服裝| 服裝| Google商品商店,product detail page
Электроники Товаров Магазин | Google,Electronics Merchandise Store | Google
Google Women's Short Sleeve Performance Tee Pewter,product detail page
Android Infant Short Sleeve Tee Pewter,product detail page
You Tube Toddler Short Sleeve Tee Red,product detail page
Local Guides,Local Guides
メンズTシャツ| アパレル| Google Merchandise Store,product detail page
Google Women's Softshell Jacket Black/Grey,product detail page
YouTube Men's Long & Lean Tee Charcoal,product detail page
Men's-Polo,product detail page
Bottles,product detail page
Google Infant Short Sleeve Tee White,product detail page
男士T卹| 服裝| Google商品商店,product detail page
YouTube | Loja por marca | Google Merchandise Store,Home
Acessórios | Eletrônica | Google Merchandise Store,product detail page
بطاقات هدية | مخزن بضائع جوجل,product detail page
الروبوت | التسوق بالعلامة التجارية | مخزن بضائع جوجل,Android | Shop by Brand | Google Merchandise Store
Android Heavyweight Long Sleeve Badge Tee Black,product detail page
Büro | Google Merchandise Store,product detail page
Google | 品牌品牌| Google商品商店,product detail page
YouTube | Obchod podľa značky | Merchandise Store Google,Home
Recipientes | Google tienda de artículos,product detail page
Home - https://shop.googlemerchandisestore.com/?utm_source=Partners&utm_medium=affiliate&utm_campaign=Data%20Share%20Promo,Home
男士服装| 服装| Google商品商店,product detail page
YouTube | 品牌品牌| Google商品商店,Home
По бренду товара магазин с YouTube | магазин | Гугл,Home
Удовольствие | Аксессуары Товары Магазин | Google,Fun | Accessories Merchandise Store | Google
کارت های هدیه | فروشگاه تبلیغاتی گوگل,product detail page
Google Youth Girl Tee Green,product detail page
樂趣| 配件| Google商品商店,product detail page
YouTube Women's Short Sleeve Tri-blend Badge Tee Grey,product detail page
Android Stretch Fit Hat L/XL,product detail page
YouTube Stretch Fit Hat L/XL,product detail page
Google Accent Insulated Stainless Steel Bottle,product detail page
Сумки | Магазин Google Merchandise,product detail page
YouTube | Kõik brändid | Google meenepoest,Home
Google Women's Muscle Tee,product detail page
Google | Comprar por Marca | Google Merchandise Store,product detail page
The Google Merchandise Store/Google G Noise-reducing Bluetooth Headphones - https://shop.googlemerchandisestore.com/Google+Redesign/Electronics/Audio/Google+G+Noise+reducing+Bluetooth+Headphones.axd,product detail page
весенняя распродажа,Spring Sale
Yoga Mat Purple,product detail page
adesivi | Accessori | Merchandise Store di Google,product detail page
Android Toddler Short Sleeve T-shirt Pink,product detail page
Android Infant Short Sleeve Tee Pink,product detail page
Google Infant Short Sleeve Tee Royal Blue,product detail page
Go,Go
Nest Protect Smoke + CO White Wired Alarm-USA,product detail page
Reusable Shopping Bag,product detail page
Vestuário | Google Merchandise Store,product detail page
Home - https://shop.googlemerchandisestore.com/,Home
Headgear | Apparel | Google Merchandise Store - https://shop.googlemerchandisestore.com/Google+Redesign/Apparel/Headgear,product detail page
Fun | Accessories | Google Merchandise Store - https://shop.googlemerchandisestore.com/Google+Redesign/Accessories/Fun,product detail page
The Google Merchandise Store/Malibu Sunglasses - https://shop.googlemerchandisestore.com/Google+Redesign/Lifestyle/Fun/Malibu+Sunglasses.axd,product detail page
Other | Office | Google Merchandise Store - https://shop.googlemerchandisestore.com/Google+Redesign/office/office+other,product detail page
Flashlights | Electronics | Google Merchandise Store - https://shop.googlemerchandisestore.com/Google+Redesign/electronics/flashlights,product detail page
Oficina | Google Merchandise Store,product detail page
Prendas de abrigo para hombres | Ropa | Google Merchandise Store,product detail page
Energía y Cargadores | Electrónica | Google Merchandise Store,product detail page
YouTube | Winkelen per Merk | Google Merchandise Store,Home
Nest® Learning Thermostat 3rd Gen-USA - White,product detail page
Главная,Home
Google Wool Heather Cap Heather/Navy,product detail page
Google Infuser-Top Water Bottle,product detail page
Retractable Ballpoint Pen Red,product detail page
The Google Merchandise Store/Metal Earbuds with Small Zipper Case,product detail page
YouTube Women's Racer Back Tank Black,product detail page
Google Men's 3/4 Sleeve Raglan Henley Grey,product detail page
Google Men's Long Sleeve Pullover Badge Tee Heather,product detail page
Page Unavailable - https://shop.googlemerchandisestore.com/,Page Unavailable
Apparel | Google Merchandise Store - https://shop.googlemerchandisestore.com/,product detail page
YouTube | Magasinez par marque | Google Merchandise Store,Home
YouTube | Магазин по бренду | Магазин Google Merchandise,Home
บัตรของขวัญ | Google Merchandise Store,product detail page
YouTube | Mua theo thương hiệu | Cửa Hàng Google Merchandise,Home
Casa,Home
YouTube | Sklep wg marki | Sklep Google Merchandise,Home
T-shirt | Abbigliamento | Merchandise Store di Google,product detail page
Hovedbeklædning | Beklædning | Google Merchandise Store,product detail page
อุปกรณ์เสริม | Google Merchandise Store,product detail page
Erkek Tişörtleri | Giyim | Google Merchandise Store,product detail page
Erkekler Performans Giyimi | Giyim | Google Merchandise Store,product detail page
Store zoekresultaten,Store search results
Deportes y Fitness | Accesorios | Google Merchandise Store,product detail page
Điện tử | Cửa Hàng Google Merchandise,product detail page
Máy tính xách tay & Tạp chí | Văn phòng | Cửa Hàng Google Merchandise,product detail page
Tạp chí RFID của Google,product detail page
Dụng cụ viết | Văn phòng | Cửa Hàng Google Merchandise,product detail page
Thêm Túi | Túi | Cửa Hàng Google Merchandise,product detail page
Drinkware | Cửa Hàng Google Merchandise,product detail page
Usure de performance féminine | Habillement | Google Merchandise Store,product detail page
ステッカー| アクセサリー| Google Merchandise Store,product detail page
バックパック| バッグ| Google Merchandise Store,product detail page
Accesorii | Electronice | Magazin de mărfuri Google,product detail page
"Nešiojami kompiuteriai ir žurnalai | Biuro | ""Google"" Prekės parduotuvė",product detail page
YouTube | Valg av leverandør | Google Merchandise butikken,Home
Google | Shop by Brand | Google Merchandise Store - https://shop.googlemerchandisestore.com/Google+Redesign/Shop+by+Brand/Google,product detail page
Phụ kiện | Điện tử | Cửa Hàng Google Merchandise,product detail page
Ropa de Hombre | Google Merchandise Store,product detail page
Pegatinas | Accesorios | Google Merchandise Store,product detail page
服裝| Google商品商店,product detail page
Fenerler | Elektronik | Google Merchandise Store,product detail page
Google El feneri,product detail page
Güç ve Şarj Aletleri | Elektronik | Google Merchandise Store,product detail page
Eğlence | Aksesuarlar | Google Merchandise Store,product detail page
Energía y cargadores | Electrónica | Google Merchandise Store,product detail page
Notizbücher & Zeitschriften | Büro | Google Merchandise Store,product detail page
Sport & Fitness | Zubehör | Google Merchandise Store,product detail page
YouTube | Einkaufen nach Marke | Google Merchandise Store,Home
Obiecte de acoperit capul | Îmbrăcăminte | Magazin de mărfuri Google,product detail page
خانه,Home
YouTube | Kupujte po brandovima | Google Roba Store,Home
YouTube | ブランド別ショップ| Google Merchandise Store,Home
Men's Outerwear | Apparel | Google Merchandise Store - https://shop.googlemerchandisestore.com/Google+Redesign/Apparel/Mens/Mens+Outerwear,product detail page
mochilas | bolsas | Google tienda de artículos,product detail page
Potencia y Cargadores | Electrónica | Google tienda de artículos,product detail page
Männer T-Shirts | Bekleidung | Google Merchandise Store,product detail page
Audio | Electronics | Google Merchandise Store - https://shop.googlemerchandisestore.com/Google+Redesign/Electronics/Audio,product detail page
Shopping Cart - https://shop.googlemerchandisestore.com/basket.html?vid=20160512512,Shopping Cart
More Bags | Bags | Google Merchandise Store - https://shop.googlemerchandisestore.com/Google+Redesign/bags/more+bags,product detail page
Shopping Cart - https://shop.googlemerchandisestore.com/basket.html?vid=20160512512&executedAction=updateBasket&executeActionStatus=true,Shopping Cart
Mugs & Cups | Drinkware | Google Merchandise Store - https://shop.googlemerchandisestore.com/Google+Redesign/drinkware/mugs+and+cups,product detail page
Water Bottles & Tumblers | Drinkware | Google Merchandise Store - https://shop.googlemerchandisestore.com/Google+Redesign/bags/water+bottles+and+tumblers,product detail page
Power & Chargers | Electronics | Google Merchandise Store - https://shop.googlemerchandisestore.com/Google+Redesign/Electronics/Power,product detail page
Bluetooth Headphones - https://shop.googlemerchandisestore.com/Google+Redesign/Electronics/Audio/Google+Bluetooth+Headphones.axd,product detail page
Audio | Elektronik | Google Merchandise Store,product detail page
Kopfbedeckung | Bekleidung | Google Merchandise Store,product detail page
Tassen & Tassen | Trinkgeschirr | Google Merchandise Store,product detail page
電子| Google商品商店,product detail page
درينكوار | متجر بضائع غوغل,product detail page
إلكترونيات | متجر بضائع غوغل,product detail page
Électronique | Google Merchandise Store,product detail page
Prendas de abrigo | prendas de vestir | Google tienda de artículos,product detail page
Tumblers,product detail page
Audio | Electrónica | Google Merchandise Store,product detail page
書寫工具| 辦公室| Google商品商店,product detail page
Yoga Mat Blue,product detail page
背包| 包包| Google商品商店,product detail page
จัดเก็บผลการค้นหา,Store search results
YouTube | Магазин по бренду | Google Магазин продукції,Home
YouTube | 브랜드 별 쇼핑 | Google Merchandise Store,Home
オフィス| Google Merchandise Store,product detail page
YouTube | Shop by Brand | Google Merchandise Store - https://shop.googlemerchandisestore.com/Google+Redesign/Shop+by+Brand/YouTube,Home
Huis,Home
Accesorios | Electrónica | Google Merchandise Store,product detail page
电子| Google商品商店,product detail page
diversión | Accesorios | Google tienda de artículos,product detail page
电源和充电器| 电子| Google商品商店,product detail page
男士T恤| 服装| Google商品商店,product detail page
饮料| Google商品商店,product detail page
청소년 | 아동용 의류 | Google Merchandise Store,product detail page
Мужские футболки | одежда | Гугл Товаровед магазина,product detail page
Товар Магазина Google - Войти В,The Google Merchandise Store - Log In
Vêtements pour hommes | Google Merchandise Store,product detail page
女裝外套| 服裝| Google商品商店,product detail page
Aksesuarlar | Google Merchandise Store,product detail page
De Google Merchandise Store - Inloggen,The Google Merchandise Store - Log In
بطاقات الهدايا | متجر بضائع غوغل,product detail page
Google Электроника Аксессуар Чехол,product detail page
Las camisetas de los hombres | prendas de vestir | Google tienda de artículos,product detail page
Męska Wydajność Wear | Odzież | Sklep Sklep Google,product detail page
Page non disponible,Page Unavailable
Maps,Maps
Tarjetas de Regalo | Google Merchandise Store,product detail page
Drinkware | Google Merchandise Store - https://shop.googlemerchandisestore.com/Google+Redesign/Drinkware,product detail page
Google 22 oz Water Bottle - https://shop.googlemerchandisestore.com/Google+Redesign/Drinkware/Bottles/Google+22+oz+Water+Bottle.axd,product detail page
Sombreros | Ropa | Google Merchandise Store,product detail page
YouTube | Markaya göre alışveriş | Google Merchandise Store,Home
|ヘッドギア| アパレル| Google Merchandise Store,product detail page
audio | Electrónica | Google tienda de artículos,product detail page
Accesorios | Electrónica | Google tienda de artículos,product detail page
Кружки И Чашки | Посуда | Гугл Товаровед Магазина,product detail page
返品規則,Return Policy
Подарочные карты | Google Магазин продукции,product detail page
バッグ| Google Merchandise Store,product detail page
Store Policies,Store Policies
Dom,Home
drinkware | Sklep Sklep Google,product detail page
Google Online Store - HVKeyboard Hide,Home
Home - HVKeyboard Hide,Home
Mugs & Cups | Drinkware | Google Merchandise Store - HVKeyboard Hide,product detail page
9: Home,9: Home
9: Men's T-Shirts | Apparel | Google Merchandise Store,product detail page
9: Shopping Cart,9: Shopping Cart
9: The Google Merchandise Store - Log In,9: The Google Merchandise Store - Log In
9: Google | Shop by Brand | Google Merchandise Store,product detail page
resultados de la búsqueda tienda,Store search results
YouTube | Acquista per marca | Google Merchandise Store,Home
weixin://private/setresult/SCENE_FETCHQUEUE&eyJmdW5jIjoibG9nIiwicGFyYW1zIjp7Im1zZyI6Il9ydW5PbjNyZEFwaUxpc3QgOiBtZW51OnNoYXJlOnRpbWVsaW5lLG1lbnU6c2hhcmU6YXBwbWVzc2FnZSxvblZvaWNlUmVjb3JkRW5kLG9uVm9pY2VQbGF5QmVnaW4sb25Wb2ljZVBsYXlFbmQsb25Mb2NhbEltYWdlVXBsb2FkUHJvZ3Jlc3Msb25JbWFnZURvd25sb2FkUHJvZ3Jlc3Msb25Wb2ljZVVwbG9hZFByb2dyZXNzLG9uVm9pY2VEb3dubG9hZFByb2dyZXNzLG1lbnU6c2V0Zm9udCxtZW51OnNoYXJlOndlaWJvLG1lbnU6c2hhcmU6ZW1haWwsd3hkb3dubG9hZDpzdGF0ZV9jaGFuZ2UsaGRPbkRldmljZVN0YXRlQ2hhbmdlZCxhY3Rpdml0eTpzdGF0ZV9jaGFuZ2UifSwiX19tc2dfdHlwZSI6ImNhbGwiLCJfX2NhbGxiYWNrX2lkIjoiMTAwMCJ9,weixin://private/setresult/SCENE_FETCHQUEUE&eyJmdW5jIjoibG9nIiwicGFyYW1zIjp7Im1zZyI6Il9ydW5PbjNyZEFwaUxpc3QgOiBtZW51OnNoYXJlOnRpbWVsaW5lLG1lbnU6c2hhcmU6YXBwbWVzc2FnZSxvblZvaWNlUmVjb3JkRW5kLG9uVm9pY2VQbGF5QmVnaW4sb25Wb2ljZVBsYXlFbmQsb25Mb2NhbEltYWdlVXBsb2FkUHJvZ3Jlc3Msb25JbWFnZURvd25sb2FkUHJvZ3Jlc3Msb25Wb2ljZVVwbG9hZFByb2dyZXNzLG9uVm9pY2VEb3dubG9hZFByb2dyZXNzLG1lbnU6c2V0Zm9udCxtZW51OnNoYXJlOndlaWJvLG1lbnU6c2hhcmU6ZW1haWwsd3hkb3dubG9hZDpzdGF0ZV9jaGFuZ2UsaGRPbkRldmljZVN0YXRlQ2hhbmdlZCxhY3Rpdml0eTpzdGF0ZV9jaGFuZ2UifSwiX19tc2dfdHlwZSI6ImNhbGwiLCJfX2NhbGxiYWNrX2lkIjoiMTAwMCJ9
アクセサリー| Google Merchandise Store,product detail page
アパレル| Google Merchandise Store,product detail page
Google | ブランド別ショップ| Google Merchandise Store,product detail page
包包| Google商品商店,product detail page
YouTube | Obchod podle značky | Merchandise Store Google,Home
YouTube | Магазин по бренду | Google Магазин продукции,Home
办公室| Google商品商店,product detail page
Writing,Writing
Sacs à dos | Sacs | Google Merchandise Store,product detail page
Google | Magasinez par marque | Google Merchandise Store,product detail page
Android | Magasinez par marque | Google Merchandise Store,product detail page
Fun | Accessoires | Google Merchandise Store,product detail page
Animaux | Accessoires | Google Merchandise Store,product detail page
Autre | Bureau | Google Merchandise Store,product detail page
Jeunesse | Vêtements pour enfants | Google Merchandise Store,product detail page
Carnets et revues | Bureau | Google Merchandise Store,product detail page
Adhesivas | Accesorios | Google tienda de artículos,product detail page
Bekleidung | Google Merchandise Store,product detail page
Android | Loja por marca | Google Merchandise Store,product detail page
Acasă,Home
Copricapo | Abbigliamento Google Merchandise Store,product detail page
メンズアパレル| Google Merchandise Store,product detail page
otro | Oficina | Google tienda de artículos,product detail page
Electrónica | Google tienda de artículos,product detail page
Portátiles y Revistas | Oficina | Google tienda de artículos,product detail page
Bouteilles d'eau et tumblers | Drinkware | Google Merchandise Store,product detail page
Dárkové karty | Merchandise Store Google,product detail page
Backpacks | Bags | Google Merchandise Store - https://shop.googlemerchandisestore.com/Google+Redesign/bags/backpacks/,product detail page
https://shop.googlemerchandisestore.com/?ci=%7Bifdbm:%7Bcampaignid%7D%7D,https://shop.googlemerchandisestore.com/?ci=%7Bifdbm:%7Bcampaignid%7D%7D
Ropa Mujer | Google Merchandise Store,product detail page
Mochilas | Bolsos | Google Merchandise Store,product detail page
Portátiles y revistas | Oficina | Google Merchandise Store,product detail page
Canecas & copos | Drinkware | Google Merchandise Store,product detail page
ショッピングカート,Shopping Cart
Wearables,Wearables
Αποτελέσματα αναζήτησης Κατάστημα,Store search results
Juventud | Ropa para niños | Google Merchandise Store,product detail page
Botellas y vasos de agua | Drinkware | Google Merchandise Store,product detail page
幼児| キッズアパレル| Google Merchandise Store,product detail page
7 Home,7 Home
5 Home,5 Home
6 Mugs & Cups | Drinkware | Google Merchandise Store,product detail page
7 Water Bottles & Tumblers | Drinkware | Google Merchandise Store,product detail page
8 Accessories | Google Merchandise Store,product detail page
9 Office | Google Merchandise Store,product detail page
7 Electronics | Google Merchandise Store,product detail page
6 Drinkware | Google Merchandise Store,product detail page
8 Bags | Google Merchandise Store,product detail page
9 Apparel | Google Merchandise Store,product detail page
15 Bags | Google Merchandise Store,product detail page
6 Home,6 Home
5 Mugs & Cups | Drinkware | Google Merchandise Store,product detail page
Google Flashlight - https://shop.googlemerchandisestore.com/Google+Redesign/Electronics/Accessories/Google+Flashlight.axd,product detail page
Electronics | Merchandise Store Google,product detail page
Возвращение Политики,Return Policy
Ropa para mujer | Google tienda de artículos,product detail page
Desgaste del funcionamiento de la mujer | prendas de vestir | Google tienda de artículos,product detail page
Google Kick Ball - https://shop.googlemerchandisestore.com/Google+Redesign/Lifestyle/Fun/Google+Kick+Ball.axd,product detail page
Google Women's Short Sleeve Hero Dark Grey,product detail page
Tazas y Copas | Drinkware | Google Merchandise Store,product detail page
https://shop.googlemerchandisestore.com/?ci=${CAMPAIGN_ID},https://shop.googlemerchandisestore.com/?ci=${CAMPAIGN_ID}
Trang phục nam | Cửa Hàng Google Merchandise,product detail page
bolsas | Google tienda de artículos,product detail page
Abbigliamento | Merchandise Store di Google,product detail page
配件| Google商品商店,product detail page
品牌品牌| Google商品商店,Brand Brand | Google Merchandise Store
头饰| 服装| Google商品商店,product detail page
男士服装| Google商品商店,product detail page
男装| Google商品商店,product detail page
